county_fips,county_name,population,population_2022,population_2023,population_growth_rate,percent_age_65_plus,diabetes_prevalence,primary_care_physicians,pcp_per_10000,other_pcp_per_10000,median_household_income,growth_score,age65_score,diabetes_score,pcp_shortage_score,other_pcp_shortage_score,income_score,eligible_market,score_balanced,rank_balanced,score_healthcare_need_focus,rank_healthcare_need_focus,score_growth_focus,rank_growth_focus,top10_scenarios,stable_top10
12119,Sumter,151565,144970,151565,4.549217079395737,57.14841817,9.4,59.0,4.349813,9.170983,79334,98.50746268656717,100.0,9.701492537313433,60.0,70.1492537313433,85.07462686567165,True,71.44029850746269,1.0,62.05223880597015,4.0,79.22388059701493,1.0,3,True
12111,St. Lucie,373586,358704,373586,4.148824657656451,24.757619397,11.5,116.0,3.3762250000000003,11.670673,66876,95.52238805970148,64.17910447761194,60.447761194029844,70.76923076923077,49.25373134328358,52.23880597014925,True,67.17623421354764,2.0,65.1923076923077,2.0,72.48105625717565,2.0,3,True
12035,Flagler,131439,126705,131439,3.736237717532852,31.581189753,9.7,64.0,5.29223,9.053629,74753,89.55223880597015,88.05970149253731,18.65671641791045,46.15384615384615,74.6268656716418,73.13432835820896,True,65.31285878300804,3.0,57.620551090700346,7.0,71.77382319173364,3.0,3,True
12089,Nassau,101501,97899,101501,3.6793021379176496,24.294341928,8.9,36.0,3.822102,9.85212,92766,88.05970149253731,62.68656716417911,4.477611940298507,66.15384615384616,61.19402985074627,98.50746268656717,True,64.87256027554535,4.0,53.10562571756602,12.0,71.4902411021814,4.0,2,False
12105,Polk,818330,787404,818330,3.9275899030230983,19.402319358,12.8,347.0,4.605054000000001,9.788227,66709,92.53731343283582,35.82089552238806,85.07462686567165,53.84615384615385,62.6865671641791,49.25373134328358,True,64.2020665901263,5.0,63.01377726750861,3.0,68.00229621125143,5.0,3,True
12097,Osceola,437784,422545,437784,3.6064797832183553,13.536355828,12.8,166.0,4.116225999999999,10.713046,76416,83.5820895522388,2.9850746268656714,85.07462686567165,63.07692307692307,55.223880597014926,74.6268656716418,True,62.01836969001148,6.0,58.008036739380024,6.0,64.38691159586682,8.0,3,True
12081,Manatee,441095,429125,441095,2.7893970288377514,28.979244834,10.4,256.0,6.203008,12.310273,79213,73.13432835820896,85.07462686567165,40.298507462686565,33.846153846153854,43.28358208955224,83.5820895522388,True,59.23191733639496,7.0,53.536165327210114,11.0,64.33065442020666,10.0,2,False
12107,Putnam,75955,74731,75955,1.637874509908873,24.045816602,12.7,28.0,3.775264,7.636099999999999,51585,46.26865671641791,61.19402985074627,82.08955223880598,67.6923076923077,83.58208955223881,14.925373134328357,True,59.06084959816303,8.0,67.5947187141217,1.0,54.33295063145809,14.0,2,False
12131,Walton,86354,83304,86354,3.661288773648324,20.528290525,9.4,36.0,4.496122000000001,10.190611,82259,86.56716417910447,40.298507462686565,9.701492537313433,56.92307692307692,59.701492537313435,91.04477611940298,True,58.80998851894374,9.0,46.880022962112506,17.0,65.47876004592422,6.0,2,False
12069,Lake,424462,410139,424462,3.492230682768525,26.714523326,11.3,232.0,5.861487,12.345039,70784,82.08955223880598,79.1044776119403,55.223880597014926,35.38461538461539,41.7910447761194,58.2089552238806,True,58.64408725602756,10.0,55.86107921928817,9.0,64.33754305396097,9.0,3,True
12053,Hernando,212807,206896,212807,2.856990951975872,26.201675697,11.0,112.0,5.582193,11.089861,64092,76.11940298507463,76.11940298507463,50.74626865671642,43.07692307692308,53.73134328358209,44.776119402985074,True,57.64523536165328,11.0,56.59012629161882,8.0,61.685419058553386,12.0,1,False
12101,Pasco,632996,608794,632996,3.975400545997497,21.820043097,9.9,300.0,5.1363970000000005,11.816820000000002,72065,94.02985074626866,52.23880597014925,27.611940298507463,47.692307692307686,46.26865671641791,67.16417910447761,True,57.336969001148105,12.0,48.975315729047075,14.0,65.36280137772675,7.0,1,False
12083,Marion,409959,396415,409959,3.416621469924196,28.784829702,11.3,224.0,5.804387,13.806259,58584,80.59701492537313,83.5820895522388,55.223880597014926,38.46153846153846,32.83582089552239,35.82089552238806,True,54.93111366245695,13.0,54.913892078071186,10.0,60.69460390355911,13.0,1,False
12109,St. Johns,320110,306841,320110,4.324389504662024,21.368904439,7.6,278.0,9.505378,9.059386,106281,97.01492537313433,50.74626865671642,1.4925373134328357,1.538461538461533,73.13432835820896,100.0,True,53.51664753157291,14.0,36.578645235361655,27.0,64.26061997703789,11.0,0,False
12055,Highlands,107614,105618,107614,1.889829385142684,36.220194398,11.8,60.0,5.80855,11.336815,51495,52.23880597014925,94.02985074626866,66.4179104477612,36.92307692307693,52.23880597014926,10.44776119402985,True,51.30252583237659,15.0,58.223306544202075,5.0,51.359357060849604,19.0,1,False
12015,Charlotte,206134,202661,206134,1.7136992317219395,40.553717485,9.7,121.0,6.210128,11.691424,71381,47.76119402985074,98.50746268656717,18.65671641791045,32.30769230769231,47.76119402985075,62.68656716417911,True,50.15556831228473,16.0,47.51722158438576,15.0,52.38346727898967,18.0,0,False
12113,Santa Rosa,203162,198268,203162,2.468376137349446,17.035666119,9.4,112.0,5.773255000000001,9.499808,87581,62.68656716417911,19.402985074626866,9.701492537313433,40.0,68.65671641791045,95.52238805970148,True,49.52985074626866,17.0,37.649253731343286,24.0,53.014925373134325,17.0,0,False
12019,Clay,232439,226589,232439,2.581766987806116,17.426077379,9.9,119.0,5.3516580000000005,13.594964999999998,82249,68.65671641791045,23.88059701492537,27.611940298507463,44.61538461538461,35.82089552238806,89.55223880597015,True,49.18427095292767,18.0,39.54936854190586,21.0,54.08036739380022,16.0,0,False
12017,Citrus,166696,162529,166696,2.5638501436666687,36.4789797,9.7,73.0,4.617827,14.157507999999998,54447,67.16417910447761,95.52238805970148,18.65671641791045,52.30769230769231,29.850746268656707,23.88059701492537,True,49.08094144661309,19.0,49.233639494833525,13.0,54.114810562571755,15.0,0,False
12021,Collier,404310,397994,404310,1.5869585973657896,34.356310752,9.7,317.0,8.212861,13.924958999999998,91402,43.28358208955223,91.04477611940298,18.65671641791045,10.76923076923076,31.343283582089555,97.01492537313433,True,46.5195177956372,20.0,39.44603903559127,22.0,49.97359357060849,22.0,0,False
12009,Brevard,643979,630693,643979,2.10657166006282,24.889786779,9.6,446.0,7.232885999999999,13.602928,77961,61.19402985074627,65.67164179104478,14.925373134328357,21.538461538461533,34.32835820895522,79.1044776119403,True,45.65097588978186,21.0,37.47416762342136,25.0,51.290470723306534,20.0,0,False
12071,Lee,834573,822453,834573,1.4736404390281268,29.048267797,10.1,524.0,6.649948999999999,15.229345,71811,38.80597014925373,86.56716417910447,33.582089552238806,27.692307692307693,26.86567164179104,64.17910447761194,True,44.97876004592422,22.0,43.75143513203216,18.0,46.392652123995404,24.0,0,False
12061,Indian River,169795,167352,169795,1.4597973134471054,35.561706764,10.0,103.0,6.293457999999999,17.256103,73686,35.82089552238806,92.53731343283582,30.597014925373134,30.769230769230774,14.925373134328353,70.1492537313433,True,44.54936854190585,23.0,43.17738231917336,19.0,46.10792192881745,25.0,0,False
12023,Columbia,73063,71908,73063,1.6062190576848194,20.664358157,11.8,36.0,5.114726,16.56105,58949,44.776119402985074,43.28358208955223,66.4179104477612,49.23076923076923,20.895522388059703,37.3134328358209,True,43.98794489092997,24.0,47.046498277841565,16.0,43.87715269804822,26.0,0,False
12127,Volusia,590357,579192,590357,1.927685465268857,25.694452679,9.8,381.0,6.750388000000001,12.788872,66111,55.223880597014926,74.6268656716418,23.88059701492537,26.153846153846146,37.31343283582089,47.76119402985074,True,43.81285878300803,25.0,40.9414466130884,20.0,47.72904707233065,23.0,0,False
12005,Bay,190769,185134,190769,3.0437412900925818,18.505627225,9.8,103.0,5.748793999999999,17.403247,70859,77.61194029850746,29.850746268656714,23.88059701492537,41.53846153846153,13.432835820895534,61.19402985074627,True,43.08381171067738,26.0,35.16073478760046,30.0,50.78300803673939,21.0,0,False
12087,Monroe,80614,81708,80614,-1.3389141822098205,25.352916367,9.5,54.0,6.571742,10.420026,85639,1.4925373134328357,70.1492537313433,13.432835820895523,29.230769230769226,58.2089552238806,94.02985074626866,True,41.517795637198624,27.0,38.27784156142366,23.0,36.698048220436284,30.0,0,False
12115,Sarasota,469013,462286,469013,1.455159792855505,37.774432692,8.2,353.0,7.896084999999999,16.332169999999998,78218,34.32835820895522,97.01492537313433,2.9850746268656714,16.92307692307692,22.388059701492537,80.59701492537313,True,40.69804822043628,28.0,35.200918484500576,29.0,43.7324913892078,27.0,0,False
12099,Palm Beach,1533801,1518477,1533801,1.0091690555734465,25.407468114,10.1,1204.0,8.037453000000001,16.957871,84789,25.37313432835821,71.64179104477611,33.582089552238806,13.84615384615384,16.4179104477612,92.53731343283582,True,39.9707233065442,29.0,35.812284730195174,28.0,40.58438576349024,28.0,0,False
12011,Broward,1962531,1947026,1962531,0.7963427298865039,18.48510928,12.0,1462.0,7.571273000000001,16.606107,74367,17.91044776119403,28.35820895522388,71.64179104477611,20.0,19.40298507462687,71.64179104477611,True,36.23880597014926,30.0,36.865671641791046,26.0,33.373134328358205,32.0,0,False
12085,Martin,163315,162006,163315,0.8079947656259644,32.732449561,9.1,111.0,6.940016,19.410342,76430,19.402985074626866,89.55223880597015,5.970149253731343,24.615384615384613,10.447761194029852,76.11940298507463,True,36.11710677382319,31.0,32.87026406429392,32.0,36.975889781859934,29.0,0,False
12117,Seminole,484271,478772,484271,1.148563408052267,17.015266246,10.0,373.0,7.934599999999999,12.410407,80698,26.865671641791046,17.91044776119403,30.597014925373134,15.384615384615387,40.29850746268657,86.56716417910447,True,34.75602755453502,32.0,28.13719862227325,34.0,34.47187141216992,31.0,0,False
12091,Okaloosa,218464,216482,218464,0.9155495607025064,16.956569503,9.8,149.0,6.986941,16.112495000000003,81990,22.388059701492537,16.417910447761194,23.88059701492537,23.076923076923066,23.88059701492537,88.05970149253731,True,31.928817451205507,33.0,25.246842709529272,37.0,31.745120551090697,34.0,0,False
12086,Miami-Dade,2686867,2673837,2686867,0.4873146717619661,17.403727092,13.3,2205.0,8.280829,23.302233,72030,10.44776119402985,22.388059701492537,89.55223880597015,9.230769230769226,4.477611940298516,65.67164179104478,True,31.24913892078071,34.0,34.17336394948335,31.0,27.653272101033295,37.0,0,False
12057,Hillsborough,1535564,1513301,1535564,1.471154780179224,15.367448052,11.2,1235.0,8.35479,22.161238,76528,37.3134328358209,8.955223880597014,52.23880597014925,7.692307692307693,5.970149253731336,77.61194029850746,True,30.717566016073476,35.0,25.281285878300803,36.0,33.0195177956372,33.0,0,False
12031,Duval,1030822,1016536,1030822,1.4053609513091518,15.712218016,11.9,810.0,8.100527000000001,24.087573000000003,69455,32.83582089552239,10.44776119402985,69.40298507462687,12.307692307692307,2.985074626865668,55.223880597014926,True,29.73765786452354,36.0,29.0097588978186,33.0,30.428243398392652,35.0,0,False
12095,Orange,1471416,1452726,1471416,1.286546809240008,13.487416203,11.5,1317.0,9.256747,19.715702,78487,28.35820895522388,1.4925373134328357,60.447761194029844,3.07692307692308,8.955223880597018,82.08955223880598,True,29.234787600459242,37.0,24.46326061997704,39.0,29.86452353616533,36.0,0,False
12033,Escambia,326928,324878,326928,0.6310061007516667,18.215937454,10.9,246.0,7.630510000000001,25.29609,70838,11.940298507462686,26.865671641791046,47.76119402985074,18.461538461538467,1.492537313432834,59.70149253731343,True,26.45350172215844,38.0,26.331802525832376,35.0,24.85878300803674,39.0,0,False
12103,Pinellas,961596,961739,961596,-0.0148688989424365,27.02507082,9.4,874.0,9.136382,18.646084,70684,4.477611940298507,80.59701492537313,9.701492537313433,4.615384615384613,11.940298507462686,56.71641791044776,True,25.661882893226178,39.0,24.77324913892078,38.0,25.020665901262916,38.0,0,False
12001,Alachua,285994,284030,285994,0.6914762525085378,15.775855438,10.9,434.0,15.542297,35.315426,61843,13.432835820895523,11.940298507462686,47.76119402985074,0.0,0.0,43.28358208955223,True,18.134328358208954,40.0,17.835820895522385,41.0,17.761194029850746,40.0,0,False
12073,Leon,296913,297369,296913,-0.153344834195898,15.282591197,10.7,259.0,8.845115,20.17426,66063,2.9850746268656714,7.462686567164178,44.776119402985074,6.15384615384616,7.462686567164184,46.26865671641791,True,17.723306544202067,41.0,17.956371986222734,40.0,15.25143513203215,41.0,0,False
12003,Baker,28368,27803,28368,2.0321548034384778,15.186125212,10.6,11.0,3.83075,12.690355,69399,59.70149253731343,5.970149253731343,42.53731343283582,64.61538461538461,38.80597014925373,53.73134328358209,False,46.02009184845005,,42.45981630309988,,47.67738231917336,,0,False
12007,Bradford,27858,27313,27858,1.9953868121407388,19.086079403,12.1,4.0,1.4015419999999998,8.974083,59468,58.2089552238806,34.32835820895522,73.88059701492537,90.76923076923077,76.11940298507463,38.80597014925373,False,63.265786452353616,,67.20723306544203,,59.95866819747416,,0,False
12013,Calhoun,13470,13464,13470,0.0445632798573975,19.480326652,11.9,4.0,2.932336,9.651076,47523,5.970149253731343,37.3134328358209,69.40298507462687,80.0,67.16417910447761,1.4925373134328357,False,43.5,,55.559701492537314,,33.56716417910448,,0,False
12027,DeSoto,35979,35312,35979,1.888876302673312,23.622112899,14.7,9.0,2.615671,11.951416,54288,50.74626865671642,59.70149253731343,98.50746268656717,84.61538461538461,44.776119402985074,20.8955223880597,False,60.654420206659005,,70.55683122847302,,56.87141216991964,,0,False
12029,Dixie,17465,17124,17465,1.991357159542163,25.004294303,12.2,4.0,2.338908,4.58059,50966,56.71641791044776,67.16417910447761,76.11940298507463,86.15384615384616,95.5223880597015,7.462686567164178,False,65.51435132032148,,74.37428243398394,,61.13203214695751,,0,False
12037,Franklin,12594,12498,12594,0.7681228996639462,28.132444021,10.9,4.0,3.181674,7.940289,55816,16.417910447761194,82.08955223880598,47.76119402985074,72.3076923076923,80.59701492537313,29.850746268656714,False,53.78989667049369,,61.659012629161886,,46.21928817451206,,0,False
12039,Gadsden,43833,43403,43833,0.990714927539571,20.304336915,13.8,10.0,2.287597,5.247188,51288,23.88059701492537,38.80597014925373,92.53731343283582,87.6923076923077,92.53731343283582,8.955223880597014,False,57.239954075774975,,69.53501722158438,,47.18369690011481,,0,False
12041,Gilchrist,19587,18992,19587,3.1328980623420386,21.013937816,10.3,8.0,4.357298,9.700311,56884,79.1044776119403,47.76119402985074,37.3134328358209,58.46153846153846,65.67164179104478,32.83582089552239,False,55.05051664753157,,52.898966704936846,,58.84385763490241,,0,False
12043,Glades,12786,12454,12786,2.6658101814678017,26.310026592,13.9,,,5.474738,55240,70.1492537313433,77.61194029850746,94.02985074626866,,91.04477611940298,28.35820895522388,False,,,,,,,0,False
12045,Gulf,15693,15314,15693,2.474859605589657,23.207799656,10.6,7.0,4.873634,14.656216,66806,64.17910447761194,58.2089552238806,42.53731343283582,50.76923076923077,28.358208955223887,50.74626865671642,False,49.96727898966706,,48.17738231917337,,53.510907003444316,,0,False
12047,Hamilton,13471,13217,13471,1.9217674207460087,20.666617178,13.6,1.0,0.7146429999999999,2.969342,49260,53.73134328358209,44.776119402985074,91.04477611940298,98.46153846153847,97.01492537313433,2.9850746268656714,False,65.81171067738232,,76.40642939150402,,59.54535017221584,,0,False
12049,Hardee,25760,25645,25760,0.4484304932735426,16.73136646,14.4,4.0,1.573255,7.375776,53913,7.462686567164178,14.925373134328357,97.01492537313433,89.23076923076923,85.07462686567165,19.402985074626866,False,51.80137772675086,,64.02411021814007,,39.35476463834673,,0,False
12051,Hendry,43333,41339,43333,4.823532257674351,13.587796829,15.1,11.0,2.728648,6.461588000000001,54619,100.0,4.477611940298507,100.0,83.07692307692308,86.56716417910448,25.37313432835821,False,69.07807118254878,,70.91848450057405,,70.59586681974741,,0,False
12059,Holmes,19944,19651,19944,1.4910182687903923,20.532490975,11.4,7.0,3.538213,6.016847,51582,40.298507462686565,41.7910447761194,58.2089552238806,69.23076923076923,89.55223880597015,13.432835820895523,False,52.353616532721006,,58.35246842709529,,47.54879448909299,,0,False
12063,Jackson,48622,48211,48622,0.8525025409138994,21.095388919,13.1,15.0,3.1450500000000003,16.659125,50923,20.8955223880597,49.25373134328358,88.05970149253731,76.92307692307692,17.91044776119402,5.970149253731343,False,43.74282433983927,,56.17106773823191,,37.7324913892078,,0,False
12065,Jefferson,15450,15042,15450,2.71240526525728,25.15210356,11.7,4.0,2.748196,1.941748,59967,71.64179104477611,68.65671641791045,63.43283582089553,81.53846153846153,98.50746268656717,40.298507462686565,False,71.27037887485648,,73.92939150401837,,69.84270952927669,,0,False
12067,Lafayette,8078,7786,8078,3.750321089134344,18.816538747,12.8,1.0,1.193033,6.189651,58096,91.04477611940298,31.343283582089555,85.07462686567165,93.84615384615384,88.05970149253731,34.32835820895522,False,72.79908151549942,,75.02870264064293,,73.10677382319172,,0,False
12075,Levy,46545,45260,46545,2.8391515687140965,25.53013213,10.3,5.0,1.132298,8.378988,53214,74.6268656716418,73.13432835820896,37.3134328358209,95.38461538461539,79.1044776119403,17.91044776119403,False,65.12169919632606,,68.02525832376578,,65.72560275545351,,0,False
12077,Liberty,7706,7603,7706,1.3547283966855188,17.687516221,12.4,,,9.083831,51523,29.850746268656714,25.37313432835821,78.35820895522389,,71.64179104477611,11.940298507462686,False,,,,,,,0,False
12079,Madison,18519,18198,18519,1.763930102209034,22.944003456,14.0,2.0,1.093613,9.719747000000002,52713,49.25373134328358,56.71641791044776,95.52238805970148,96.92307692307692,64.17910447761194,16.417910447761194,False,64.16073478760046,,74.82778415614236,,58.71756601607348,,0,False
12093,Okeechobee,41427,40412,41427,2.5116302088488567,20.938035581,12.6,17.0,4.221924,11.345258,54297,65.67164179104478,46.26865671641791,80.59701492537313,61.53846153846153,50.74626865671642,22.388059701492537,False,55.44202066590126,,60.086107921928814,,55.648679678530414,,0,False
12121,Suwannee,46130,45411,46130,1.5833168175111756,22.371558639,11.3,6.0,1.348769,8.454368,56009,41.7910447761194,55.223880597014926,55.223880597014926,92.3076923076923,77.61194029850746,31.343283582089555,False,59.730195177956375,,65.31572904707232,,54.74167623421355,,0,False
12123,Taylor,21582,21283,21582,1.404877131983273,22.148086368,12.1,10.0,4.584002,15.753869,50556,31.343283582089555,53.73134328358209,73.88059701492537,55.38461538461538,25.373134328358205,4.477611940298507,False,40.96498277841561,,50.226750861079225,,37.9345579793341,,0,False
12125,Union,15532,15460,15532,0.4657179818887452,16.2760752,12.4,5.0,3.060912,7.725985,60843,8.955223880597014,13.432835820895523,78.35820895522389,78.46153846153845,82.08955223880596,41.7910447761194,False,49.834098737083806,,57.19001148105625,,39.23191733639494,,0,False
12129,Wakulla,36449,35178,36449,3.613053613053613,17.287168372,10.3,11.0,3.1709430000000003,5.212763,72916,85.07462686567165,20.8955223880597,37.3134328358209,73.84615384615384,94.02985074626866,68.65671641791045,False,64.91848450057405,,58.0137772675086,,67.42020665901263,,0,False
12133,Washington,25602,25414,25602,0.7397497442354608,18.982891962,11.7,8.0,3.145149,10.546051,54678,14.925373134328357,32.83582089552239,63.43283582089553,75.38461538461539,56.71641791044777,26.865671641791046,False,45.03960964408726,,52.61481056257176,,37.501722158438575,,0,False
